1461698901991,2188,Deploy UtilityCalculation process model,200,OK,Test Scenario 1-1,text,true,758,1,1,2188
1461698904180,608,Deploy User process model,200,OK,Test Scenario 1-1,text,true,716,1,1,608
1461698904789,322,Deploy TransportationMean process model,200,OK,Test Scenario 1-1,text,true,751,1,1,322
1461698905112,64,Deploy TransportationMeanDiscovery process model,200,OK,Test Scenario 1-1,text,true,761,1,1,64
1461698905177,121,Deploy Payment process model,200,OK,Test Scenario 1-1,text,true,725,1,1,121
1461698905298,445,Deploy Passenger process model,200,OK,Test Scenario 1-1,text,true,731,1,1,445
1461698905745,114,Deploy PolicyTripAlternativeProcessor process model,200,OK,Test Scenario 1-1,text,true,771,1,1,114
1461698905861,236,Deploy UrbanMobility process model,200,OK,Test Scenario 1-1,text,true,743,1,1,236
1461699042469,2524,Deploy UtilityCalculation process model,200,OK,Test Scenario 1-1,text,true,758,1,1,2524
1461699044994,684,Deploy User process model,200,OK,Test Scenario 1-1,text,true,716,1,1,684
1461699045678,333,Deploy TransportationMean process model,200,OK,Test Scenario 1-1,text,true,751,1,1,333
1461699046012,79,Deploy TransportationMeanDiscovery process model,200,OK,Test Scenario 1-1,text,true,761,1,1,79
1461699046092,131,Deploy Payment process model,200,OK,Test Scenario 1-1,text,true,725,1,1,131
1461699046225,460,Deploy Passenger process model,200,OK,Test Scenario 1-1,text,true,731,1,1,460
1461699046687,110,Deploy PolicyTripAlternativeProcessor process model,200,OK,Test Scenario 1-1,text,true,771,1,1,110
1461699046798,249,Deploy UrbanMobility process model,200,OK,Test Scenario 1-1,text,true,743,1,1,249
1461699178957,2213,Deploy UtilityCalculation process model,200,OK,Test Scenario 1-1,text,true,758,1,1,2213
1461699181174,676,Deploy User process model,200,OK,Test Scenario 1-1,text,true,716,1,1,676
1461699181851,377,Deploy TransportationMean process model,200,OK,Test Scenario 1-1,text,true,751,1,1,377
1461699182230,70,Deploy TransportationMeanDiscovery process model,200,OK,Test Scenario 1-1,text,true,761,1,1,70
1461699182301,130,Deploy Payment process model,200,OK,Test Scenario 1-1,text,true,725,1,1,130
1461699182433,467,Deploy Passenger process model,200,OK,Test Scenario 1-1,text,true,731,1,1,467
1461699182901,124,Deploy PolicyTripAlternativeProcessor process model,200,OK,Test Scenario 1-1,text,true,771,1,1,124
1461699183026,253,Deploy UrbanMobility process model,200,OK,Test Scenario 1-1,text,true,743,1,1,253
1461699315347,2310,Deploy UtilityCalculation process model,200,OK,Test Scenario 1-1,text,true,758,1,1,2310
1461699317657,686,Deploy User process model,200,OK,Test Scenario 1-1,text,true,716,1,1,686
1461699318344,340,Deploy TransportationMean process model,200,OK,Test Scenario 1-1,text,true,751,1,1,340
1461699318685,71,Deploy TransportationMeanDiscovery process model,200,OK,Test Scenario 1-1,text,true,761,1,1,71
1461699318757,133,Deploy Payment process model,200,OK,Test Scenario 1-1,text,true,725,1,1,133
1461699318892,483,Deploy Passenger process model,200,OK,Test Scenario 1-1,text,true,731,1,1,483
1461699319376,114,Deploy PolicyTripAlternativeProcessor process model,200,OK,Test Scenario 1-1,text,true,771,1,1,114
1461699319491,252,Deploy UrbanMobility process model,200,OK,Test Scenario 1-1,text,true,743,1,1,252
1461699451723,2240,Deploy UtilityCalculation process model,200,OK,Test Scenario 1-1,text,true,758,1,1,2240
1461699453964,696,Deploy User process model,200,OK,Test Scenario 1-1,text,true,716,1,1,696
1461699454661,336,Deploy TransportationMean process model,200,OK,Test Scenario 1-1,text,true,751,1,1,336
1461699454998,69,Deploy TransportationMeanDiscovery process model,200,OK,Test Scenario 1-1,text,true,761,1,1,69
1461699455068,126,Deploy Payment process model,200,OK,Test Scenario 1-1,text,true,725,1,1,126
1461699455195,470,Deploy Passenger process model,200,OK,Test Scenario 1-1,text,true,731,1,1,470
1461699455665,110,Deploy PolicyTripAlternativeProcessor process model,200,OK,Test Scenario 1-1,text,true,771,1,1,110
1461699455780,253,Deploy UrbanMobility process model,200,OK,Test Scenario 1-1,text,true,743,1,1,253
1461699587822,2253,Deploy UtilityCalculation process model,200,OK,Test Scenario 1-1,text,true,758,1,1,2253
1461699590076,690,Deploy User process model,200,OK,Test Scenario 1-1,text,true,716,1,1,690
1461699590767,361,Deploy TransportationMean process model,200,OK,Test Scenario 1-1,text,true,751,1,1,361
1461699591129,65,Deploy TransportationMeanDiscovery process model,200,OK,Test Scenario 1-1,text,true,761,1,1,65
1461699591195,128,Deploy Payment process model,200,OK,Test Scenario 1-1,text,true,725,1,1,128
1461699591323,457,Deploy Passenger process model,200,OK,Test Scenario 1-1,text,true,731,1,1,457
1461699591781,116,Deploy PolicyTripAlternativeProcessor process model,200,OK,Test Scenario 1-1,text,true,771,1,1,116
1461699591899,247,Deploy UrbanMobility process model,200,OK,Test Scenario 1-1,text,true,743,1,1,247
1461699724045,2280,Deploy UtilityCalculation process model,200,OK,Test Scenario 1-1,text,true,758,1,1,2280
1461699726326,644,Deploy User process model,200,OK,Test Scenario 1-1,text,true,716,1,1,644
1461699726970,349,Deploy TransportationMean process model,200,OK,Test Scenario 1-1,text,true,751,1,1,349
1461699727320,72,Deploy TransportationMeanDiscovery process model,200,OK,Test Scenario 1-1,text,true,761,1,1,72
1461699727392,157,Deploy Payment process model,200,OK,Test Scenario 1-1,text,true,725,1,1,157
1461699727550,458,Deploy Passenger process model,200,OK,Test Scenario 1-1,text,true,731,1,1,458
1461699728009,110,Deploy PolicyTripAlternativeProcessor process model,200,OK,Test Scenario 1-1,text,true,771,1,1,110
1461699728125,244,Deploy UrbanMobility process model,200,OK,Test Scenario 1-1,text,true,743,1,1,244
1461699860414,2227,Deploy UtilityCalculation process model,200,OK,Test Scenario 1-1,text,true,758,1,1,2227
1461699862642,669,Deploy User process model,200,OK,Test Scenario 1-1,text,true,716,1,1,669
1461699863313,341,Deploy TransportationMean process model,200,OK,Test Scenario 1-1,text,true,751,1,1,341
1461699863655,71,Deploy TransportationMeanDiscovery process model,200,OK,Test Scenario 1-1,text,true,761,1,1,71
1461699863728,130,Deploy Payment process model,200,OK,Test Scenario 1-1,text,true,725,1,1,130
1461699863859,476,Deploy Passenger process model,200,OK,Test Scenario 1-1,text,true,731,1,1,476
1461699864337,115,Deploy PolicyTripAlternativeProcessor process model,200,OK,Test Scenario 1-1,text,true,771,1,1,115
1461699864453,247,Deploy UrbanMobility process model,200,OK,Test Scenario 1-1,text,true,743,1,1,247
1461699996496,1982,Deploy UtilityCalculation process model,200,OK,Test Scenario 1-1,text,true,758,1,1,1982
1461699998479,615,Deploy User process model,200,OK,Test Scenario 1-1,text,true,716,1,1,614
1461699999094,307,Deploy TransportationMean process model,200,OK,Test Scenario 1-1,text,true,751,1,1,307
1461699999403,61,Deploy TransportationMeanDiscovery process model,200,OK,Test Scenario 1-1,text,true,761,1,1,61
1461699999465,118,Deploy Payment process model,200,OK,Test Scenario 1-1,text,true,725,1,1,118
1461699999584,420,Deploy Passenger process model,200,OK,Test Scenario 1-1,text,true,731,1,1,419
1461700000005,106,Deploy PolicyTripAlternativeProcessor process model,200,OK,Test Scenario 1-1,text,true,771,1,1,106
1461700000112,226,Deploy UrbanMobility process model,200,OK,Test Scenario 1-1,text,true,743,1,1,226
1461700132234,2228,Deploy UtilityCalculation process model,200,OK,Test Scenario 1-1,text,true,758,1,1,2228
1461700134463,692,Deploy User process model,200,OK,Test Scenario 1-1,text,true,716,1,1,692
1461700135156,356,Deploy TransportationMean process model,200,OK,Test Scenario 1-1,text,true,751,1,1,356
1461700135513,67,Deploy TransportationMeanDiscovery process model,200,OK,Test Scenario 1-1,text,true,761,1,1,67
1461700135580,126,Deploy Payment process model,200,OK,Test Scenario 1-1,text,true,725,1,1,126
1461700135708,466,Deploy Passenger process model,200,OK,Test Scenario 1-1,text,true,731,1,1,466
1461700136175,121,Deploy PolicyTripAlternativeProcessor process model,200,OK,Test Scenario 1-1,text,true,771,1,1,121
1461700136297,250,Deploy UrbanMobility process model,200,OK,Test Scenario 1-1,text,true,743,1,1,250
