timeStamp,elapsed,label,responseCode,responseMessage,threadName,dataType,success,bytes,grpThreads,allThreads,Latency
1461793769095,2098,Deploy UtilityCalculation process model,200,OK,Test Scenario 1-1,text,true,758,5,5,2098
1461793769302,2312,Deploy UtilityCalculation process model,200,OK,Test Scenario 1-2,text,true,758,5,5,2310
1461793769707,2063,Deploy UtilityCalculation process model,200,OK,Test Scenario 1-4,text,true,758,5,5,2061
1461793769896,2146,Deploy UtilityCalculation process model,200,OK,Test Scenario 1-5,text,true,758,5,5,2144
1461793769504,2576,Deploy UtilityCalculation process model,200,OK,Test Scenario 1-3,text,true,758,5,5,2576
1461793771195,946,Deploy User process model,200,OK,Test Scenario 1-1,text,true,716,5,5,945
1461793772140,520,Deploy TransportationMean process model,200,OK,Test Scenario 1-1,text,true,751,5,5,519
1461793772660,114,Deploy TransportationMeanDiscovery process model,200,OK,Test Scenario 1-1,text,true,761,5,5,114
1461793771615,1192,Deploy User process model,200,OK,Test Scenario 1-2,text,true,716,5,5,1192
1461793771769,1091,Deploy User process model,200,OK,Test Scenario 1-4,text,true,716,5,5,1091
1461793772776,224,Deploy Payment process model,200,OK,Test Scenario 1-1,text,true,725,5,5,224
1461793772042,1105,Deploy User process model,200,OK,Test Scenario 1-5,text,true,716,5,5,1105
1461793772080,1177,Deploy User process model,200,OK,Test Scenario 1-3,text,true,716,5,5,1177
1461793772861,416,Deploy TransportationMean process model,200,OK,Test Scenario 1-4,text,true,751,5,5,416
1461793772806,484,Deploy TransportationMean process model,200,OK,Test Scenario 1-2,text,true,751,5,5,484
1461793773279,75,Deploy TransportationMeanDiscovery process model,200,OK,Test Scenario 1-4,text,true,761,5,5,75
1461793773290,94,Deploy TransportationMeanDiscovery process model,200,OK,Test Scenario 1-2,text,true,761,5,5,94
1461793773356,210,Deploy Payment process model,200,OK,Test Scenario 1-4,text,true,725,5,5,210
1461793773385,207,Deploy Payment process model,200,OK,Test Scenario 1-2,text,true,725,5,5,207
1461793773148,452,Deploy TransportationMean process model,200,OK,Test Scenario 1-5,text,true,751,5,5,452
1461793773001,622,Deploy Passenger process model,200,OK,Test Scenario 1-1,text,true,731,5,5,622
1461793773601,104,Deploy TransportationMeanDiscovery process model,200,OK,Test Scenario 1-5,text,true,761,5,5,104
1461793773258,506,Deploy TransportationMean process model,200,OK,Test Scenario 1-3,text,true,751,5,5,506
1461793773625,156,Deploy PolicyTripAlternativeProcessor process model,200,OK,Test Scenario 1-1,text,true,771,5,5,156
1461793773765,141,Deploy TransportationMeanDiscovery process model,200,OK,Test Scenario 1-3,text,true,761,5,5,141
1461793773706,212,Deploy Payment process model,200,OK,Test Scenario 1-5,text,true,725,5,5,212
1461793773782,289,Deploy UrbanMobility process model,200,OK,Test Scenario 1-1,text,true,743,5,5,289
1461793773906,184,Deploy Payment process model,200,OK,Test Scenario 1-3,text,true,725,4,4,183
1461793773568,583,Deploy Passenger process model,200,OK,Test Scenario 1-4,text,true,731,4,4,583
1461793773593,639,Deploy Passenger process model,200,OK,Test Scenario 1-2,text,true,731,4,4,639
1461793774152,108,Deploy PolicyTripAlternativeProcessor process model,200,OK,Test Scenario 1-4,text,true,771,4,4,108
1461793774233,146,Deploy PolicyTripAlternativeProcessor process model,200,OK,Test Scenario 1-2,text,true,771,4,4,146
1461793773918,576,Deploy Passenger process model,200,OK,Test Scenario 1-5,text,true,731,4,4,576
1461793774262,252,Deploy UrbanMobility process model,200,OK,Test Scenario 1-4,text,true,743,4,4,252
1461793774494,107,Deploy PolicyTripAlternativeProcessor process model,200,OK,Test Scenario 1-5,text,true,771,3,3,106
1461793774090,519,Deploy Passenger process model,200,OK,Test Scenario 1-3,text,true,731,3,3,519
1461793774380,231,Deploy UrbanMobility process model,200,OK,Test Scenario 1-2,text,true,743,3,3,231
1461793774610,101,Deploy PolicyTripAlternativeProcessor process model,200,OK,Test Scenario 1-3,text,true,771,2,2,101
1461793774601,228,Deploy UrbanMobility process model,200,OK,Test Scenario 1-5,text,true,743,2,2,228
1461793774712,227,Deploy UrbanMobility process model,200,OK,Test Scenario 1-3,text,true,743,1,1,227
1461794144172,2028,Deploy UtilityCalculation process model,200,OK,Test Scenario 1-2,text,true,758,5,5,2028
1461794144372,2257,Deploy UtilityCalculation process model,200,OK,Test Scenario 1-3,text,true,758,5,5,2255
1461794144572,2071,Deploy UtilityCalculation process model,200,OK,Test Scenario 1-4,text,true,758,5,5,2069
1461794144781,2042,Deploy UtilityCalculation process model,200,OK,Test Scenario 1-5,text,true,758,5,5,2040
1461794143969,2947,Deploy UtilityCalculation process model,200,OK,Test Scenario 1-1,text,true,758,5,5,2942
1461794146201,1013,Deploy User process model,200,OK,Test Scenario 1-2,text,true,716,5,5,1013
1461794147214,523,Deploy TransportationMean process model,200,OK,Test Scenario 1-2,text,true,751,5,5,523
1461794146643,1113,Deploy User process model,200,OK,Test Scenario 1-4,text,true,716,5,5,1113
1461794147738,106,Deploy TransportationMeanDiscovery process model,200,OK,Test Scenario 1-2,text,true,761,5,5,106
1461794146824,1078,Deploy User process model,200,OK,Test Scenario 1-5,text,true,716,5,5,1078
1461794146630,1272,Deploy User process model,200,OK,Test Scenario 1-3,text,true,716,5,5,1272
1461794147844,178,Deploy Payment process model,200,OK,Test Scenario 1-2,text,true,725,5,5,177
1461794146916,1128,Deploy User process model,200,OK,Test Scenario 1-1,text,true,716,5,5,1128
1461794147757,446,Deploy TransportationMean process model,200,OK,Test Scenario 1-4,text,true,751,5,5,446
1461794148205,89,Deploy TransportationMeanDiscovery process model,200,OK,Test Scenario 1-4,text,true,761,5,5,89
1461794147904,432,Deploy TransportationMean process model,200,OK,Test Scenario 1-5,text,true,751,5,5,432
1461794147904,442,Deploy TransportationMean process model,200,OK,Test Scenario 1-3,text,true,751,5,5,442
1461794148336,84,Deploy TransportationMeanDiscovery process model,200,OK,Test Scenario 1-5,text,true,761,5,5,84
1461794148347,91,Deploy TransportationMeanDiscovery process model,200,OK,Test Scenario 1-3,text,true,761,5,5,91
1461794148044,445,Deploy TransportationMean process model,200,OK,Test Scenario 1-1,text,true,751,5,5,445
1461794148295,202,Deploy Payment process model,200,OK,Test Scenario 1-4,text,true,725,5,5,202
1461794148022,522,Deploy Passenger process model,200,OK,Test Scenario 1-2,text,true,731,5,5,522
1461794148490,81,Deploy TransportationMeanDiscovery process model,200,OK,Test Scenario 1-1,text,true,761,5,5,81
1461794148421,183,Deploy Payment process model,200,OK,Test Scenario 1-5,text,true,725,5,5,183
1461794148439,201,Deploy Payment process model,200,OK,Test Scenario 1-3,text,true,725,5,5,201
1461794148544,188,Deploy PolicyTripAlternativeProcessor process model,200,OK,Test Scenario 1-2,text,true,771,5,5,187
1461794148572,203,Deploy Payment process model,200,OK,Test Scenario 1-1,text,true,725,5,5,203
1461794148498,572,Deploy Passenger process model,200,OK,Test Scenario 1-4,text,true,731,5,5,572
1461794148733,360,Deploy UrbanMobility process model,200,OK,Test Scenario 1-2,text,true,743,5,5,360
1461794149071,166,Deploy PolicyTripAlternativeProcessor process model,200,OK,Test Scenario 1-4,text,true,771,4,4,166
1461794148605,649,Deploy Passenger process model,200,OK,Test Scenario 1-5,text,true,731,4,4,649
1461794148776,537,Deploy Passenger process model,200,OK,Test Scenario 1-1,text,true,731,4,4,537
1461794148641,732,Deploy Passenger process model,200,OK,Test Scenario 1-3,text,true,731,4,4,732
1461794149255,131,Deploy PolicyTripAlternativeProcessor process model,200,OK,Test Scenario 1-5,text,true,771,4,4,131
1461794149314,121,Deploy PolicyTripAlternativeProcessor process model,200,OK,Test Scenario 1-1,text,true,771,4,4,121
1461794149239,243,Deploy UrbanMobility process model,200,OK,Test Scenario 1-4,text,true,743,4,4,242
1461794149374,111,Deploy PolicyTripAlternativeProcessor process model,200,OK,Test Scenario 1-3,text,true,771,3,3,111
1461794149387,254,Deploy UrbanMobility process model,200,OK,Test Scenario 1-5,text,true,743,3,3,254
1461794149486,233,Deploy UrbanMobility process model,200,OK,Test Scenario 1-3,text,true,743,2,2,233
1461794149436,295,Deploy UrbanMobility process model,200,OK,Test Scenario 1-1,text,true,743,1,1,295
1461794409386,2059,Deploy UtilityCalculation process model,200,OK,Test Scenario 1-1,text,true,758,5,5,2059
1461794409586,2125,Deploy UtilityCalculation process model,200,OK,Test Scenario 1-2,text,true,758,5,5,2123
1461794409786,2129,Deploy UtilityCalculation process model,200,OK,Test Scenario 1-3,text,true,758,5,5,2127
1461794409994,2080,Deploy UtilityCalculation process model,200,OK,Test Scenario 1-4,text,true,758,5,5,2078
1461794410191,2166,Deploy UtilityCalculation process model,200,OK,Test Scenario 1-5,text,true,758,5,5,2164
1461794411446,1014,Deploy User process model,200,OK,Test Scenario 1-1,text,true,716,5,5,1014
1461794411713,1084,Deploy User process model,200,OK,Test Scenario 1-2,text,true,716,5,5,1084
1461794412461,521,Deploy TransportationMean process model,200,OK,Test Scenario 1-1,text,true,751,5,5,521
1461794411916,1109,Deploy User process model,200,OK,Test Scenario 1-3,text,true,716,5,5,1109
1461794412984,76,Deploy TransportationMeanDiscovery process model,200,OK,Test Scenario 1-1,text,true,761,5,5,76
1461794413061,197,Deploy Payment process model,200,OK,Test Scenario 1-1,text,true,725,5,5,197
1461794412076,1187,Deploy User process model,200,OK,Test Scenario 1-4,text,true,716,5,5,1187
1461794412798,491,Deploy TransportationMean process model,200,OK,Test Scenario 1-2,text,true,751,5,5,491
1461794413289,95,Deploy TransportationMeanDiscovery process model,200,OK,Test Scenario 1-2,text,true,761,5,5,94
1461794412357,1028,Deploy User process model,200,OK,Test Scenario 1-5,text,true,716,5,5,1028
1461794413026,506,Deploy TransportationMean process model,200,OK,Test Scenario 1-3,text,true,751,5,5,506
1461794413384,148,Deploy Payment process model,200,OK,Test Scenario 1-2,text,true,725,5,5,148
1461794413533,112,Deploy TransportationMeanDiscovery process model,200,OK,Test Scenario 1-3,text,true,761,5,5,112
1461794413264,502,Deploy TransportationMean process model,200,OK,Test Scenario 1-4,text,true,751,5,5,502
1461794413646,197,Deploy Payment process model,200,OK,Test Scenario 1-3,text,true,725,5,5,197
1461794413385,462,Deploy TransportationMean process model,200,OK,Test Scenario 1-5,text,true,751,5,5,462
1461794413259,595,Deploy Passenger process model,200,OK,Test Scenario 1-1,text,true,731,5,5,595
1461794413767,125,Deploy TransportationMeanDiscovery process model,200,OK,Test Scenario 1-4,text,true,761,5,5,125
1461794413848,109,Deploy TransportationMeanDiscovery process model,200,OK,Test Scenario 1-5,text,true,761,5,5,109
1461794413854,194,Deploy PolicyTripAlternativeProcessor process model,200,OK,Test Scenario 1-1,text,true,771,5,5,194
1461794413892,204,Deploy Payment process model,200,OK,Test Scenario 1-4,text,true,725,5,5,204
1461794413533,616,Deploy Passenger process model,200,OK,Test Scenario 1-2,text,true,731,5,5,616
1461794413958,222,Deploy Payment process model,200,OK,Test Scenario 1-5,text,true,725,5,5,222
1461794413843,523,Deploy Passenger process model,200,OK,Test Scenario 1-3,text,true,731,5,5,523
1461794414150,239,Deploy PolicyTripAlternativeProcessor process model,200,OK,Test Scenario 1-2,text,true,771,5,5,239
1461794414048,370,Deploy UrbanMobility process model,200,OK,Test Scenario 1-1,text,true,743,5,5,370
1461794414367,129,Deploy PolicyTripAlternativeProcessor process model,200,OK,Test Scenario 1-3,text,true,771,4,4,129
1461794414097,525,Deploy Passenger process model,200,OK,Test Scenario 1-4,text,true,731,4,4,524
1461794414390,252,Deploy UrbanMobility process model,200,OK,Test Scenario 1-2,text,true,743,4,4,252
1461794414181,541,Deploy Passenger process model,200,OK,Test Scenario 1-5,text,true,731,3,3,540
1461794414497,261,Deploy UrbanMobility process model,200,OK,Test Scenario 1-3,text,true,743,3,3,261
1461794414622,140,Deploy PolicyTripAlternativeProcessor process model,200,OK,Test Scenario 1-4,text,true,771,2,2,140
1461794414723,104,Deploy PolicyTripAlternativeProcessor process model,200,OK,Test Scenario 1-5,text,true,771,2,2,104
1461794414763,226,Deploy UrbanMobility process model,200,OK,Test Scenario 1-4,text,true,743,2,2,226
1461794414828,241,Deploy UrbanMobility process model,200,OK,Test Scenario 1-5,text,true,743,1,1,240
1461794731627,1938,Deploy UtilityCalculation process model,200,OK,Test Scenario 1-1,text,true,758,5,5,1938
1461794731827,2020,Deploy UtilityCalculation process model,200,OK,Test Scenario 1-2,text,true,758,5,5,2018
1461794732226,2104,Deploy UtilityCalculation process model,200,OK,Test Scenario 1-4,text,true,758,5,5,2102
1461794732028,2488,Deploy UtilityCalculation process model,200,OK,Test Scenario 1-3,text,true,758,5,5,2486
1461794732434,2134,Deploy UtilityCalculation process model,200,OK,Test Scenario 1-5,text,true,758,5,5,2134
1461794733567,1083,Deploy User process model,200,OK,Test Scenario 1-1,text,true,716,5,5,1083
1461794733849,1048,Deploy User process model,200,OK,Test Scenario 1-2,text,true,716,5,5,1048
1461794734651,520,Deploy TransportationMean process model,200,OK,Test Scenario 1-1,text,true,751,5,5,520
1461794735172,103,Deploy TransportationMeanDiscovery process model,200,OK,Test Scenario 1-1,text,true,761,5,5,102
1461794734898,526,Deploy TransportationMean process model,200,OK,Test Scenario 1-2,text,true,751,5,5,526
1461794735275,225,Deploy Payment process model,200,OK,Test Scenario 1-1,text,true,725,5,5,225
1461794735428,86,Deploy TransportationMeanDiscovery process model,200,OK,Test Scenario 1-2,text,true,761,5,5,86
1461794734332,1217,Deploy User process model,200,OK,Test Scenario 1-4,text,true,716,5,5,1217
1461794734518,1108,Deploy User process model,200,OK,Test Scenario 1-3,text,true,716,5,5,1108
1461794734569,1146,Deploy User process model,200,OK,Test Scenario 1-5,text,true,716,5,5,1146
1461794735515,221,Deploy Payment process model,200,OK,Test Scenario 1-2,text,true,725,5,5,221
1461794735550,455,Deploy TransportationMean process model,200,OK,Test Scenario 1-4,text,true,751,5,5,455
1461794735501,587,Deploy Passenger process model,200,OK,Test Scenario 1-1,text,true,731,5,5,587
1461794736006,88,Deploy TransportationMeanDiscovery process model,200,OK,Test Scenario 1-4,text,true,761,5,5,88
1461794735627,490,Deploy TransportationMean process model,200,OK,Test Scenario 1-3,text,true,751,5,5,490
1461794735716,452,Deploy TransportationMean process model,200,OK,Test Scenario 1-5,text,true,751,5,5,452
1461794736118,88,Deploy TransportationMeanDiscovery process model,200,OK,Test Scenario 1-3,text,true,761,5,5,88
1461794736094,151,Deploy Payment process model,200,OK,Test Scenario 1-4,text,true,725,5,5,151
1461794735737,921,Deploy Passenger process model,200,OK,Test Scenario 1-2,text,true,731,5,5,920
1461794736169,522,Deploy TransportationMeanDiscovery process model,200,OK,Test Scenario 1-5,text,true,761,5,5,522
1461794736207,507,Deploy Payment process model,200,OK,Test Scenario 1-3,text,true,725,5,5,507
1461794736658,123,Deploy PolicyTripAlternativeProcessor process model,200,OK,Test Scenario 1-2,text,true,771,5,5,123
1461794736692,185,Deploy Payment process model,200,OK,Test Scenario 1-5,text,true,725,5,5,185
1461794736246,678,Deploy Passenger process model,200,OK,Test Scenario 1-4,text,true,731,5,5,678
1461794736088,886,Deploy PolicyTripAlternativeProcessor process model,200,OK,Test Scenario 1-1,text,true,771,5,5,885
1461794736782,243,Deploy UrbanMobility process model,200,OK,Test Scenario 1-2,text,true,743,5,5,243
1461794736924,126,Deploy PolicyTripAlternativeProcessor process model,200,OK,Test Scenario 1-4,text,true,771,4,4,126
1461794736715,486,Deploy Passenger process model,200,OK,Test Scenario 1-3,text,true,731,4,4,486
1461794737202,173,Deploy PolicyTripAlternativeProcessor process model,200,OK,Test Scenario 1-3,text,true,771,4,4,173
1461794737050,327,Deploy UrbanMobility process model,200,OK,Test Scenario 1-4,text,true,743,4,4,327
1461794736878,570,Deploy Passenger process model,200,OK,Test Scenario 1-5,text,true,731,3,3,570
1461794737449,128,Deploy PolicyTripAlternativeProcessor process model,200,OK,Test Scenario 1-5,text,true,771,3,3,128
1461794737379,240,Deploy UrbanMobility process model,200,OK,Test Scenario 1-3,text,true,743,3,3,240
1461794737578,230,Deploy UrbanMobility process model,200,OK,Test Scenario 1-5,text,true,743,2,2,229
1461794736974,909,Deploy UrbanMobility process model,200,OK,Test Scenario 1-1,text,true,743,1,1,909
1461795054249,1960,Deploy UtilityCalculation process model,200,OK,Test Scenario 1-1,text,true,758,5,5,1960
1461795054463,2095,Deploy UtilityCalculation process model,200,OK,Test Scenario 1-2,text,true,758,5,5,2093
1461795054655,2029,Deploy UtilityCalculation process model,200,OK,Test Scenario 1-3,text,true,758,5,5,2027
1461795054857,2261,Deploy UtilityCalculation process model,200,OK,Test Scenario 1-4,text,true,758,5,5,2259
1461795056210,1020,Deploy User process model,200,OK,Test Scenario 1-1,text,true,716,5,5,1020
1461795055059,2352,Deploy UtilityCalculation process model,200,OK,Test Scenario 1-5,text,true,758,5,5,2350
1461795056559,1068,Deploy User process model,200,OK,Test Scenario 1-2,text,true,716,5,5,1068
1461795057231,512,Deploy TransportationMean process model,200,OK,Test Scenario 1-1,text,true,751,5,5,512
1461795056685,1123,Deploy User process model,200,OK,Test Scenario 1-3,text,true,716,5,5,1123
1461795057745,135,Deploy TransportationMeanDiscovery process model,200,OK,Test Scenario 1-1,text,true,761,5,5,134
1461795057880,166,Deploy Payment process model,200,OK,Test Scenario 1-1,text,true,725,5,5,166
1461795057628,491,Deploy TransportationMean process model,200,OK,Test Scenario 1-2,text,true,751,5,5,491
1461795057809,390,Deploy TransportationMean process model,200,OK,Test Scenario 1-3,text,true,751,5,5,390
1461795058120,89,Deploy TransportationMeanDiscovery process model,200,OK,Test Scenario 1-2,text,true,761,5,5,89
1461795057120,1090,Deploy User process model,200,OK,Test Scenario 1-4,text,true,716,5,5,1090
1461795058204,91,Deploy TransportationMeanDiscovery process model,200,OK,Test Scenario 1-3,text,true,761,5,5,91
1461795057412,929,Deploy User process model,200,OK,Test Scenario 1-5,text,true,716,5,5,929
1461795058209,199,Deploy Payment process model,200,OK,Test Scenario 1-2,text,true,725,5,5,199
1461795058297,178,Deploy Payment process model,200,OK,Test Scenario 1-3,text,true,725,5,5,178
1461795058047,545,Deploy Passenger process model,200,OK,Test Scenario 1-1,text,true,731,5,5,544
1461795058211,465,Deploy TransportationMean process model,200,OK,Test Scenario 1-4,text,true,751,5,5,465
1461795058593,141,Deploy PolicyTripAlternativeProcessor process model,200,OK,Test Scenario 1-1,text,true,771,5,5,140
1461795058677,86,Deploy TransportationMeanDiscovery process model,200,OK,Test Scenario 1-4,text,true,761,5,5,86
1461795058342,478,Deploy TransportationMean process model,200,OK,Test Scenario 1-5,text,true,751,5,5,477
1461795058820,79,Deploy TransportationMeanDiscovery process model,200,OK,Test Scenario 1-5,text,true,761,5,5,79
1461795058764,162,Deploy Payment process model,200,OK,Test Scenario 1-4,text,true,725,5,5,162
1461795058735,268,Deploy UrbanMobility process model,200,OK,Test Scenario 1-1,text,true,743,5,5,268
1461795058409,648,Deploy Passenger process model,200,OK,Test Scenario 1-2,text,true,731,4,4,648
1461795058900,160,Deploy Payment process model,200,OK,Test Scenario 1-5,text,true,725,4,4,160
1461795058476,589,Deploy Passenger process model,200,OK,Test Scenario 1-3,text,true,731,4,4,589
1461795059059,131,Deploy PolicyTripAlternativeProcessor process model,200,OK,Test Scenario 1-2,text,true,771,4,4,131
1461795059066,126,Deploy PolicyTripAlternativeProcessor process model,200,OK,Test Scenario 1-3,text,true,771,4,4,126
1461795059191,263,Deploy UrbanMobility process model,200,OK,Test Scenario 1-2,text,true,743,4,4,263
1461795059193,274,Deploy UrbanMobility process model,200,OK,Test Scenario 1-3,text,true,743,3,3,274
1461795058928,574,Deploy Passenger process model,200,OK,Test Scenario 1-4,text,true,731,2,2,574
1461795059060,500,Deploy Passenger process model,200,OK,Test Scenario 1-5,text,true,731,2,2,500
1461795059503,113,Deploy PolicyTripAlternativeProcessor process model,200,OK,Test Scenario 1-4,text,true,771,2,2,113
1461795059561,102,Deploy PolicyTripAlternativeProcessor process model,200,OK,Test Scenario 1-5,text,true,771,2,2,102
1461795059616,231,Deploy UrbanMobility process model,200,OK,Test Scenario 1-4,text,true,743,2,2,231
1461795059664,228,Deploy UrbanMobility process model,200,OK,Test Scenario 1-5,text,true,743,1,1,228
1461795356199,1968,Deploy UtilityCalculation process model,200,OK,Test Scenario 1-1,text,true,758,5,5,1968
1461795356415,1967,Deploy UtilityCalculation process model,200,OK,Test Scenario 1-2,text,true,758,5,5,1965
1461795356622,1925,Deploy UtilityCalculation process model,200,OK,Test Scenario 1-3,text,true,758,5,5,1923
1461795356816,2154,Deploy UtilityCalculation process model,200,OK,Test Scenario 1-4,text,true,758,5,5,2152
1461795358166,807,Deploy User process model,200,OK,Test Scenario 1-1,text,true,716,5,5,807
1461795357023,2354,Deploy UtilityCalculation process model,200,OK,Test Scenario 1-5,text,true,758,5,5,2352
1461795358973,487,Deploy TransportationMean process model,200,OK,Test Scenario 1-1,text,true,751,5,5,487
1461795358381,1098,Deploy User process model,200,OK,Test Scenario 1-2,text,true,716,5,5,1098
1461795359461,129,Deploy TransportationMeanDiscovery process model,200,OK,Test Scenario 1-1,text,true,761,5,5,129
1461795358546,1138,Deploy User process model,200,OK,Test Scenario 1-3,text,true,716,5,5,1138
1461795359591,175,Deploy Payment process model,200,OK,Test Scenario 1-1,text,true,725,5,5,175
1461795359479,569,Deploy TransportationMean process model,200,OK,Test Scenario 1-2,text,true,751,5,5,569
1461795358971,1160,Deploy User process model,200,OK,Test Scenario 1-4,text,true,716,5,5,1160
1461795359685,461,Deploy TransportationMean process model,200,OK,Test Scenario 1-3,text,true,751,5,5,461
1461795360049,123,Deploy TransportationMeanDiscovery process model,200,OK,Test Scenario 1-2,text,true,761,5,5,123
1461795360146,103,Deploy TransportationMeanDiscovery process model,200,OK,Test Scenario 1-3,text,true,761,5,5,103
1461795360172,148,Deploy Payment process model,200,OK,Test Scenario 1-2,text,true,725,5,5,148
1461795359377,1014,Deploy User process model,200,OK,Test Scenario 1-5,text,true,716,5,5,1014
1461795360249,174,Deploy Payment process model,200,OK,Test Scenario 1-3,text,true,725,5,5,174
1461795359766,694,Deploy Passenger process model,200,OK,Test Scenario 1-1,text,true,731,5,5,694
1461795360131,442,Deploy TransportationMean process model,200,OK,Test Scenario 1-4,text,true,751,5,5,442
1461795360574,65,Deploy TransportationMeanDiscovery process model,200,OK,Test Scenario 1-4,text,true,761,5,5,65
1461795360460,228,Deploy PolicyTripAlternativeProcessor process model,200,OK,Test Scenario 1-1,text,true,771,5,5,228
1461795360392,450,Deploy TransportationMean process model,200,OK,Test Scenario 1-5,text,true,751,5,5,450
1461795360640,224,Deploy Payment process model,200,OK,Test Scenario 1-4,text,true,725,5,5,224
1461795360844,80,Deploy TransportationMeanDiscovery process model,200,OK,Test Scenario 1-5,text,true,761,5,5,80
1461795360321,679,Deploy Passenger process model,200,OK,Test Scenario 1-2,text,true,731,5,5,679
1461795360689,312,Deploy UrbanMobility process model,200,OK,Test Scenario 1-1,text,true,743,5,5,312
1461795360424,601,Deploy Passenger process model,200,OK,Test Scenario 1-3,text,true,731,4,4,600
1461795360925,187,Deploy Payment process model,200,OK,Test Scenario 1-5,text,true,725,4,4,187
1461795361001,153,Deploy PolicyTripAlternativeProcessor process model,200,OK,Test Scenario 1-2,text,true,771,4,4,153
1461795361026,148,Deploy PolicyTripAlternativeProcessor process model,200,OK,Test Scenario 1-3,text,true,771,4,4,148
1461795361174,241,Deploy UrbanMobility process model,200,OK,Test Scenario 1-3,text,true,743,4,4,241
1461795360864,568,Deploy Passenger process model,200,OK,Test Scenario 1-4,text,true,731,3,3,568
1461795361154,282,Deploy UrbanMobility process model,200,OK,Test Scenario 1-2,text,true,743,3,3,281
1461795361433,120,Deploy PolicyTripAlternativeProcessor process model,200,OK,Test Scenario 1-4,text,true,771,2,2,120
1461795361112,477,Deploy Passenger process model,200,OK,Test Scenario 1-5,text,true,731,2,2,477
1461795361590,108,Deploy PolicyTripAlternativeProcessor process model,200,OK,Test Scenario 1-5,text,true,771,2,2,108
1461795361554,228,Deploy UrbanMobility process model,200,OK,Test Scenario 1-4,text,true,743,2,2,228
1461795361700,241,Deploy UrbanMobility process model,200,OK,Test Scenario 1-5,text,true,743,1,1,241
1461795634916,2022,Deploy UtilityCalculation process model,200,OK,Test Scenario 1-1,text,true,758,5,5,2021
1461795635124,1924,Deploy UtilityCalculation process model,200,OK,Test Scenario 1-2,text,true,758,5,5,1922
1461795635329,2093,Deploy UtilityCalculation process model,200,OK,Test Scenario 1-3,text,true,758,5,5,2091
1461795635520,1912,Deploy UtilityCalculation process model,200,OK,Test Scenario 1-4,text,true,758,5,5,1911
1461795636940,1024,Deploy User process model,200,OK,Test Scenario 1-1,text,true,716,5,5,1024
1461795637049,923,Deploy User process model,200,OK,Test Scenario 1-2,text,true,716,5,5,923
1461795635722,2398,Deploy UtilityCalculation process model,200,OK,Test Scenario 1-5,text,true,758,5,5,2391
1461795637433,947,Deploy User process model,200,OK,Test Scenario 1-4,text,true,716,5,5,947
1461795637965,423,Deploy TransportationMean process model,200,OK,Test Scenario 1-1,text,true,751,5,5,423
1461795638389,99,Deploy TransportationMeanDiscovery process model,200,OK,Test Scenario 1-1,text,true,761,5,5,99
1461795637973,526,Deploy TransportationMean process model,200,OK,Test Scenario 1-2,text,true,751,5,5,526
1461795637423,1110,Deploy User process model,200,OK,Test Scenario 1-3,text,true,716,5,5,1110
1461795638500,110,Deploy TransportationMeanDiscovery process model,200,OK,Test Scenario 1-2,text,true,761,5,5,110
1461795638489,196,Deploy Payment process model,200,OK,Test Scenario 1-1,text,true,725,5,5,196
1461795638612,163,Deploy Payment process model,200,OK,Test Scenario 1-2,text,true,725,5,5,163
1461795638381,538,Deploy TransportationMean process model,200,OK,Test Scenario 1-4,text,true,751,5,5,538
1461795638920,103,Deploy TransportationMeanDiscovery process model,200,OK,Test Scenario 1-4,text,true,761,5,5,103
1461795638533,517,Deploy TransportationMean process model,200,OK,Test Scenario 1-3,text,true,751,5,5,517
1461795639051,106,Deploy TransportationMeanDiscovery process model,200,OK,Test Scenario 1-3,text,true,761,5,5,106
1461795638121,1087,Deploy User process model,200,OK,Test Scenario 1-5,text,true,716,5,5,1086
1461795639024,205,Deploy Payment process model,200,OK,Test Scenario 1-4,text,true,725,5,5,205
1461795638685,668,Deploy Passenger process model,200,OK,Test Scenario 1-1,text,true,731,5,5,668
1461795639157,226,Deploy Payment process model,200,OK,Test Scenario 1-3,text,true,725,5,5,226
1461795638777,633,Deploy Passenger process model,200,OK,Test Scenario 1-2,text,true,731,5,5,633
1461795639354,122,Deploy PolicyTripAlternativeProcessor process model,200,OK,Test Scenario 1-1,text,true,771,5,5,122
1461795639411,148,Deploy PolicyTripAlternativeProcessor process model,200,OK,Test Scenario 1-2,text,true,771,5,5,148
1461795639209,484,Deploy TransportationMean process model,200,OK,Test Scenario 1-5,text,true,751,5,5,484
1461795639477,288,Deploy UrbanMobility process model,200,OK,Test Scenario 1-1,text,true,743,5,5,288
1461795639694,117,Deploy TransportationMeanDiscovery process model,200,OK,Test Scenario 1-5,text,true,761,4,4,116
1461795639230,589,Deploy Passenger process model,200,OK,Test Scenario 1-4,text,true,731,4,4,588
1461795639560,283,Deploy UrbanMobility process model,200,OK,Test Scenario 1-2,text,true,743,4,4,282
1461795639812,126,Deploy Payment process model,200,OK,Test Scenario 1-5,text,true,725,3,3,125
1461795639820,121,Deploy PolicyTripAlternativeProcessor process model,200,OK,Test Scenario 1-4,text,true,771,3,3,121
1461795639384,613,Deploy Passenger process model,200,OK,Test Scenario 1-3,text,true,731,3,3,613
1461795639998,108,Deploy PolicyTripAlternativeProcessor process model,200,OK,Test Scenario 1-3,text,true,771,3,3,108
1461795639942,258,Deploy UrbanMobility process model,200,OK,Test Scenario 1-4,text,true,743,3,3,258
1461795640108,229,Deploy UrbanMobility process model,200,OK,Test Scenario 1-3,text,true,743,2,2,229
1461795639938,429,Deploy Passenger process model,200,OK,Test Scenario 1-5,text,true,731,1,1,429
1461795640367,102,Deploy PolicyTripAlternativeProcessor process model,200,OK,Test Scenario 1-5,text,true,771,1,1,102
1461795640470,233,Deploy UrbanMobility process model,200,OK,Test Scenario 1-5,text,true,743,1,1,233
1461795869137,1897,Deploy UtilityCalculation process model,200,OK,Test Scenario 1-1,text,true,758,5,5,1897
1461795869556,1836,Deploy UtilityCalculation process model,200,OK,Test Scenario 1-3,text,true,758,5,5,1834
1461795869348,2065,Deploy UtilityCalculation process model,200,OK,Test Scenario 1-2,text,true,758,5,5,2062
1461795869956,1965,Deploy UtilityCalculation process model,200,OK,Test Scenario 1-5,text,true,758,5,5,1963
1461795871036,1104,Deploy User process model,200,OK,Test Scenario 1-1,text,true,716,5,5,1104
1461795871413,1027,Deploy User process model,200,OK,Test Scenario 1-2,text,true,716,5,5,1027
1461795869760,2772,Deploy UtilityCalculation process model,200,OK,Test Scenario 1-4,text,true,758,5,5,2770
1461795871393,1183,Deploy User process model,200,OK,Test Scenario 1-3,text,true,716,5,5,1183
1461795872142,504,Deploy TransportationMean process model,200,OK,Test Scenario 1-1,text,true,751,5,5,504
1461795872648,100,Deploy TransportationMeanDiscovery process model,200,OK,Test Scenario 1-1,text,true,761,5,5,100
1461795871921,919,Deploy User process model,200,OK,Test Scenario 1-5,text,true,716,5,5,919
1461795872441,503,Deploy TransportationMean process model,200,OK,Test Scenario 1-2,text,true,751,5,5,503
1461795872751,225,Deploy Payment process model,200,OK,Test Scenario 1-1,text,true,725,5,5,225
1461795872577,459,Deploy TransportationMean process model,200,OK,Test Scenario 1-3,text,true,751,5,5,459
1461795872945,92,Deploy TransportationMeanDiscovery process model,200,OK,Test Scenario 1-2,text,true,761,5,5,92
1461795873036,124,Deploy TransportationMeanDiscovery process model,200,OK,Test Scenario 1-3,text,true,761,5,5,124
1461795873038,164,Deploy Payment process model,200,OK,Test Scenario 1-2,text,true,725,5,5,164
1461795872841,496,Deploy TransportationMean process model,200,OK,Test Scenario 1-5,text,true,751,5,5,496
1461795873160,218,Deploy Payment process model,200,OK,Test Scenario 1-3,text,true,725,5,5,218
1461795873337,97,Deploy TransportationMeanDiscovery process model,200,OK,Test Scenario 1-5,text,true,761,5,5,97
1461795872977,591,Deploy Passenger process model,200,OK,Test Scenario 1-1,text,true,731,5,5,591
1461795873435,193,Deploy Payment process model,200,OK,Test Scenario 1-5,text,true,725,5,5,193
1461795872533,1096,Deploy User process model,200,OK,Test Scenario 1-4,text,true,716,5,5,1095
1461795873569,185,Deploy PolicyTripAlternativeProcessor process model,200,OK,Test Scenario 1-1,text,true,771,5,5,185
1461795873202,660,Deploy Passenger process model,200,OK,Test Scenario 1-2,text,true,731,5,5,660
1461795873379,598,Deploy Passenger process model,200,OK,Test Scenario 1-3,text,true,731,5,5,598
1461795873863,157,Deploy PolicyTripAlternativeProcessor process model,200,OK,Test Scenario 1-2,text,true,771,5,5,157
1461795873756,286,Deploy UrbanMobility process model,200,OK,Test Scenario 1-1,text,true,743,5,5,286
1461795873629,461,Deploy TransportationMean process model,200,OK,Test Scenario 1-4,text,true,751,4,4,461
1461795873978,121,Deploy PolicyTripAlternativeProcessor process model,200,OK,Test Scenario 1-3,text,true,771,4,4,121
1461795874091,85,Deploy TransportationMeanDiscovery process model,200,OK,Test Scenario 1-4,text,true,761,4,4,85
1461795873628,554,Deploy Passenger process model,200,OK,Test Scenario 1-5,text,true,731,4,4,554
1461795874021,246,Deploy UrbanMobility process model,200,OK,Test Scenario 1-2,text,true,743,4,4,246
1461795874182,118,Deploy PolicyTripAlternativeProcessor process model,200,OK,Test Scenario 1-5,text,true,771,3,3,118
1461795874177,134,Deploy Payment process model,200,OK,Test Scenario 1-4,text,true,725,3,3,134
1461795874099,249,Deploy UrbanMobility process model,200,OK,Test Scenario 1-3,text,true,743,3,3,249
1461795874300,241,Deploy UrbanMobility process model,200,OK,Test Scenario 1-5,text,true,743,2,2,241
1461795874311,446,Deploy Passenger process model,200,OK,Test Scenario 1-4,text,true,731,1,1,446
1461795874758,105,Deploy PolicyTripAlternativeProcessor process model,200,OK,Test Scenario 1-4,text,true,771,1,1,105
1461795874864,227,Deploy UrbanMobility process model,200,OK,Test Scenario 1-4,text,true,743,1,1,227
1461796086204,1933,Deploy UtilityCalculation process model,200,OK,Test Scenario 1-1,text,true,758,5,5,1933
1461796086415,2024,Deploy UtilityCalculation process model,200,OK,Test Scenario 1-2,text,true,758,5,5,2022
1461796086616,1872,Deploy UtilityCalculation process model,200,OK,Test Scenario 1-3,text,true,758,5,5,1870
1461796086812,2001,Deploy UtilityCalculation process model,200,OK,Test Scenario 1-4,text,true,758,5,5,1999
1461796088137,1059,Deploy User process model,200,OK,Test Scenario 1-1,text,true,716,5,5,1059
1461796087021,2442,Deploy UtilityCalculation process model,200,OK,Test Scenario 1-5,text,true,758,5,5,2440
1461796088489,1130,Deploy User process model,200,OK,Test Scenario 1-3,text,true,716,5,5,1130
1461796089196,450,Deploy TransportationMean process model,200,OK,Test Scenario 1-1,text,true,751,5,5,450
1461796088440,1240,Deploy User process model,200,OK,Test Scenario 1-2,text,true,716,5,5,1240
1461796089647,108,Deploy TransportationMeanDiscovery process model,200,OK,Test Scenario 1-1,text,true,761,5,5,108
1461796088815,976,Deploy User process model,200,OK,Test Scenario 1-4,text,true,716,5,5,976
1461796089756,224,Deploy Payment process model,200,OK,Test Scenario 1-1,text,true,725,5,5,224
1461796089620,458,Deploy TransportationMean process model,200,OK,Test Scenario 1-3,text,true,751,5,5,458
1461796089681,420,Deploy TransportationMean process model,200,OK,Test Scenario 1-2,text,true,751,5,5,420
1461796090079,101,Deploy TransportationMeanDiscovery process model,200,OK,Test Scenario 1-3,text,true,761,5,5,101
1461796089792,395,Deploy TransportationMean process model,200,OK,Test Scenario 1-4,text,true,751,5,5,395
1461796090102,93,Deploy TransportationMeanDiscovery process model,200,OK,Test Scenario 1-2,text,true,761,5,5,93
1461796090187,128,Deploy TransportationMeanDiscovery process model,200,OK,Test Scenario 1-4,text,true,761,5,5,128
1461796089465,880,Deploy User process model,200,OK,Test Scenario 1-5,text,true,716,5,5,879
1461796090196,167,Deploy Payment process model,200,OK,Test Scenario 1-2,text,true,725,5,5,167
1461796090180,187,Deploy Payment process model,200,OK,Test Scenario 1-3,text,true,725,5,5,187
1461796090316,180,Deploy Payment process model,200,OK,Test Scenario 1-4,text,true,725,5,5,180
1461796089981,594,Deploy Passenger process model,200,OK,Test Scenario 1-1,text,true,731,5,5,594
1461796090576,180,Deploy PolicyTripAlternativeProcessor process model,200,OK,Test Scenario 1-1,text,true,771,5,5,180
1461796090346,485,Deploy TransportationMean process model,200,OK,Test Scenario 1-5,text,true,751,5,5,485
1461796090832,129,Deploy TransportationMeanDiscovery process model,200,OK,Test Scenario 1-5,text,true,761,5,5,129
1461796090368,636,Deploy Passenger process model,200,OK,Test Scenario 1-3,text,true,731,5,5,636
1461796090757,280,Deploy UrbanMobility process model,200,OK,Test Scenario 1-1,text,true,743,5,5,280
1461796090962,158,Deploy Payment process model,200,OK,Test Scenario 1-5,text,true,725,4,4,158
1461796090364,759,Deploy Passenger process model,200,OK,Test Scenario 1-2,text,true,731,4,4,758
1461796091005,156,Deploy PolicyTripAlternativeProcessor process model,200,OK,Test Scenario 1-3,text,true,771,4,4,156
1461796090497,686,Deploy Passenger process model,200,OK,Test Scenario 1-4,text,true,731,4,4,686
1461796091123,136,Deploy PolicyTripAlternativeProcessor process model,200,OK,Test Scenario 1-2,text,true,771,4,4,136
1461796091184,110,Deploy PolicyTripAlternativeProcessor process model,200,OK,Test Scenario 1-4,text,true,771,4,4,110
1461796091162,252,Deploy UrbanMobility process model,200,OK,Test Scenario 1-3,text,true,743,4,4,252
1461796091259,249,Deploy UrbanMobility process model,200,OK,Test Scenario 1-2,text,true,743,3,3,249
1461796091294,244,Deploy UrbanMobility process model,200,OK,Test Scenario 1-4,text,true,743,2,2,244
1461796091121,473,Deploy Passenger process model,200,OK,Test Scenario 1-5,text,true,731,1,1,473
1461796091595,105,Deploy PolicyTripAlternativeProcessor process model,200,OK,Test Scenario 1-5,text,true,771,1,1,105
1461796091702,222,Deploy UrbanMobility process model,200,OK,Test Scenario 1-5,text,true,743,1,1,222
1461796393404,1962,Deploy UtilityCalculation process model,200,OK,Test Scenario 1-1,text,true,758,5,5,1961
1461796393838,1839,Deploy UtilityCalculation process model,200,OK,Test Scenario 1-3,text,true,758,5,5,1837
1461796393646,2042,Deploy UtilityCalculation process model,200,OK,Test Scenario 1-2,text,true,758,5,5,2039
1461796394043,2097,Deploy UtilityCalculation process model,200,OK,Test Scenario 1-4,text,true,758,5,5,2095
1461796395367,1058,Deploy User process model,200,OK,Test Scenario 1-1,text,true,716,5,5,1058
1461796394241,2329,Deploy UtilityCalculation process model,200,OK,Test Scenario 1-5,text,true,758,5,5,2327
1461796395688,971,Deploy User process model,200,OK,Test Scenario 1-2,text,true,716,5,5,971
1461796395678,983,Deploy User process model,200,OK,Test Scenario 1-3,text,true,716,5,5,983
1461796396426,449,Deploy TransportationMean process model,200,OK,Test Scenario 1-1,text,true,751,5,5,449
1461796396876,85,Deploy TransportationMeanDiscovery process model,200,OK,Test Scenario 1-1,text,true,761,5,5,85
1461796396141,877,Deploy User process model,200,OK,Test Scenario 1-4,text,true,716,5,5,877
1461796396962,177,Deploy Payment process model,200,OK,Test Scenario 1-1,text,true,725,5,5,177
1461796396660,488,Deploy TransportationMean process model,200,OK,Test Scenario 1-2,text,true,751,5,5,488
1461796396661,518,Deploy TransportationMean process model,200,OK,Test Scenario 1-3,text,true,751,5,5,518
1461796397149,72,Deploy TransportationMeanDiscovery process model,200,OK,Test Scenario 1-2,text,true,761,5,5,72
1461796397180,72,Deploy TransportationMeanDiscovery process model,200,OK,Test Scenario 1-3,text,true,761,5,5,72
1461796397222,189,Deploy Payment process model,200,OK,Test Scenario 1-2,text,true,725,5,5,189
1461796397253,187,Deploy Payment process model,200,OK,Test Scenario 1-3,text,true,725,5,5,187
1461796397018,487,Deploy TransportationMean process model,200,OK,Test Scenario 1-4,text,true,751,5,5,487
1461796396571,1092,Deploy User process model,200,OK,Test Scenario 1-5,text,true,716,5,5,1091
1461796397505,158,Deploy TransportationMeanDiscovery process model,200,OK,Test Scenario 1-4,text,true,761,5,5,158
1461796397140,677,Deploy Passenger process model,200,OK,Test Scenario 1-1,text,true,731,5,5,677
1461796397664,185,Deploy Payment process model,200,OK,Test Scenario 1-4,text,true,725,5,5,185
1461796397818,149,Deploy PolicyTripAlternativeProcessor process model,200,OK,Test Scenario 1-1,text,true,771,5,5,149
1461796397664,488,Deploy TransportationMean process model,200,OK,Test Scenario 1-5,text,true,751,5,5,488
1461796397441,712,Deploy Passenger process model,200,OK,Test Scenario 1-3,text,true,731,5,5,712
1461796398152,77,Deploy TransportationMeanDiscovery process model,200,OK,Test Scenario 1-5,text,true,761,5,5,77
1461796397411,835,Deploy Passenger process model,200,OK,Test Scenario 1-2,text,true,731,5,5,835
1461796397967,301,Deploy UrbanMobility process model,200,OK,Test Scenario 1-1,text,true,743,5,5,301
1461796398154,127,Deploy PolicyTripAlternativeProcessor process model,200,OK,Test Scenario 1-3,text,true,771,4,4,127
1461796398230,145,Deploy Payment process model,200,OK,Test Scenario 1-5,text,true,725,4,4,145
1461796398247,143,Deploy PolicyTripAlternativeProcessor process model,200,OK,Test Scenario 1-2,text,true,771,4,4,143
1461796397850,663,Deploy Passenger process model,200,OK,Test Scenario 1-4,text,true,731,4,4,663
1461796398282,275,Deploy UrbanMobility process model,200,OK,Test Scenario 1-3,text,true,743,4,4,275
1461796398514,108,Deploy PolicyTripAlternativeProcessor process model,200,OK,Test Scenario 1-4,text,true,771,3,3,108
1461796398390,282,Deploy UrbanMobility process model,200,OK,Test Scenario 1-2,text,true,743,3,3,282
1461796398377,463,Deploy Passenger process model,200,OK,Test Scenario 1-5,text,true,731,2,2,463
1461796398622,248,Deploy UrbanMobility process model,200,OK,Test Scenario 1-4,text,true,743,2,2,248
1461796398841,100,Deploy PolicyTripAlternativeProcessor process model,200,OK,Test Scenario 1-5,text,true,771,1,1,100
1461796398942,223,Deploy UrbanMobility process model,200,OK,Test Scenario 1-5,text,true,743,1,1,223
